keyword,log-likelihood,score
rekolekcja,101.59171121294332,0.0011239624961573932
spowiedź,80.5576209886085,0.0008597832769750999
świadek,71.07065627750498,0.0014265677835843837
chłopak,70.67668796725673,0.001023094067015063
związek,65.82480532593019,0.0009126191208115586
czystość,56.91921696587981,0.0006148170919151552
różaniec,53.00516455703417,0.0005379649554257608
ciąża,50.2416156576502,0.0005571779895481094
odmawiać,46.15368412032919,0.0005956040577928067
Maryja,43.5416768218881,0.000605210574853981
modlitwa,36.38796553332568,0.00268021826006763
ślub,36.25931487239456,0.0008357669843221642
badanie,35.530081834502816,0.0003890639409775592
sakrament,34.974074218316375,0.000384260682446972
intencja,34.41867640471699,0.0003794574239163849
tydzień,34.14423401116228,0.0011095527205656317
matka,33.80658544466515,0.0007829311404857055
my,32.56953762886147,0.0039050491853673533
nasz,32.377348905636055,0.0012344374423608976
małżeństwo,29.404429848038944,0.0008021441746080541
ksiądz,27.080907964788786,0.0008405702428527513
czy,25.85702465418956,0.0020942207193359974
się,24.959705520327077,0.02753708115585613
ciężki,24.46648398133876,0.00036024438979403626
miłosierdzie,24.34824644703361,0.00032662158007992623
cierpienie,23.321924411046947,0.0003794574239163849
kolejny,23.26968993178329,0.0013305026129726406
siebie,23.223260554663824,0.005240355056870581
miesiąc,21.845686801387146,0.0010951429449738703
na,21.49016641365384,0.016177374731017522
operacja,20.993521256529014,0.00032662158007992623
bo,20.89609108048566,0.0026225791577005842
poród,19.719015755155368,0.0002113433753458346
przypadek,19.663228858512152,0.0004226867506916692
dług,19.15938376454638,0.00020654011681524745
dziewczyna,18.77653088149169,0.0005091454042422379
uzdrowienie,18.271012680865244,0.0003554411312634491
walczyć,18.116360473547857,0.00032662158007992623
pojawiać,17.19409348494352,0.0003170150630187519
nie,17.08815697242619,0.021484975407316323
dobra,16.73093780758569,0.00025457270212111895
konkretny,16.378149090949115,0.00018252382416231172
choroba,16.36856269417484,0.0005235551798339993
zaufanie,16.059352991460493,0.00021614663387642177
trzeba,15.966870419962245,0.0006244236089763296
przyczyna,15.825696296353332,0.00017772056563172456
pierwsza,15.681030366553273,0.001119159237626806
walka,15.6145118443816,0.00032662158007992623
seks,15.6145118443816,0.00032662158007992623
warto,15.237350986933187,0.0002689824777128804
lekarz,14.979027544995112,0.0006100138333845681
może,14.954117986016605,0.0017339763295419613
oglądać,14.771450635975288,0.00026417921918229327
owoc,14.768065015889807,0.00023535966799877037
obój,14.725138735364768,0.00016811404857055025
wspólny,14.578359187494101,0.0004995388871810636
kryzys,14.177198919615584,0.00016331079003996312
znak,13.890436717895316,0.0003074085459575776
nawet,13.608421393197709,0.001565862280971411
doświadczenie,13.520209046405565,0.0006676529357516139
wspólnota,13.49941206631419,0.0003746541653857977
minuta,13.49425961633839,0.000192130341223486
nic,13.484677675839364,0.0016475176759913925
kapłan,12.987959701415438,0.00018732708269289885
razem,12.903683152422289,0.0010999462035044575
pielgrzymka,12.48416213317651,0.00018252382416231172
jeśli,12.319278295805915,0.0009990777743621273
piękny,12.205851039886443,0.0003122118044881648
wola,12.109056794893167,0.0003794574239163849
medytacja,11.982997010676126,0.00017772056563172456
mieć,11.88068722029874,0.0029924300645557947
druga,11.533029119828086,0.0008213572087304027
komunia,11.433587840850327,0.00025457270212111895
Paweł,11.433587840850327,0.00025457270212111895
dobrze,11.382726084288706,0.0010327005840762374
głęboki,11.141155064381378,0.00022575315093759606
obecna,10.928799280750528,0.0001344912388564402
można,10.830762113494913,0.000734898555179834
trudny,10.785102974194771,0.0008069474331386413
prośba,10.628628817078388,0.00029299877036581616
chora,10.590678503314244,0.0002449661850599447
eucharystia,10.395152594606785,0.00012968798032585307
choć,10.319055761054237,0.0007252920381186597
zdanie,10.264549006064152,0.00021614663387642177
dopiero,10.052636231563948,0.0005715877651398709
kilka,10.01663207512501,0.0012920765447279434
przed,9.97037420310172,0.0018972871195819243
chyba,9.958105883259716,0.0004130802336304949
czekać,9.84923195163848,0.0006244236089763296
problem,9.822572525531285,0.0012200276667691363
ból,9.75618362287462,0.0005283584383645865
bardziej,9.732247029062258,0.0011671918229326774
cisz,9.522009728548653,0.0001537042729787888
osoba,9.428098723304196,0.0015082231786043652
pani,9.422196073830818,0.00032181832154933905
wizyta,9.402468630537323,0.00020654011681524745
zdarzać,9.402468630537323,0.00020654011681524745
wynik,9.402468630537323,0.00020654011681524745
powtarzać,9.35293618849187,0.00023055640946818322
by,9.262884002941405,0.0035111819858592067
historia,9.198183916373502,0.00046111281893636643
podczas,8.968830450185543,0.000734898555179834
po,8.908736236777912,0.006104941592376268
dziecko,8.890377981272266,0.0021806793728865663
Krak,8.810935663565303,0.00011527820473409161
cud,8.803281831038994,0.0008021441746080541
zdrowie,8.723383191239048,0.0003122118044881648
nadzieja,8.46830619411016,0.0006532431601598525
Jan,8.419161143948912,0.000542768213956348
ważny,8.354120582005727,0.0008789963110974485
kurs,8.289202676343303,0.00011047494620350446
test,8.289202676343303,0.00011047494620350446
stres,8.289202676343303,0.00011047494620350446
powinien,8.179786605523155,0.00028339225330464184
łatwo,8.150634164462934,0.00021614663387642177
odkryć,8.139530436033885,0.000192130341223486
powiedzieć,8.125596609411367,0.002012565324316016
właściwie,8.088107734491079,0.00013929449738702736
rozwijać,8.088107734491079,0.00013929449738702736
podobnie,8.088107734491079,0.00013929449738702736
pomóc,7.810460212930025,0.0009174223793421457
przynosić,7.771096165358651,0.0001056716876729173
powinny,7.771096165358651,0.0001056716876729173
wyjątkowy,7.771096165358651,0.0001056716876729173
małżeński,7.758518747944189,0.0002113433753458346
ciągły,7.727369890221864,0.00018732708269289885
si,7.727369890221864,0.00018732708269289885
zrobić,7.705768270688388,0.0009990777743621273
par,7.6186754934665935,0.0001344912388564402
msza,7.592879213352145,0.0007060790039963111
ile,7.544293090341762,0.0003362280971411005
mężczyzna,7.492998637360806,0.0004515063018751921
nasze,7.392007933089424,0.0012056178911773747
kończyć,7.2891795937470505,0.0002497694435905318
przygotowanie,7.256946136981344,0.00010086842914233016
światowy,7.256946136981344,0.00010086842914233016
powierzać,7.256946136981344,0.00010086842914233016
ukochana,7.256946136981344,0.00010086842914233016
korzystać,7.256946136981344,0.00010086842914233016
koniec,7.235629913625807,0.0012824700276667692
godzina,7.197045454100003,0.00042749000922225636
temu,7.195609243778517,0.0007493083307715954
sprawiać,7.11913000949545,0.00022575315093759606
dar,7.0438694814028295,0.00028819551183522903
odmówić,6.988412653095709,0.00020173685828466032
spacer,6.945218358947658,0.0001537042729787888
bliskość,6.945218358947658,0.0001537042729787888
maja,6.917606607734865,0.00017772056563172456
ogromny,6.908086816488456,0.0005859975407316323
źródło,6.747129808169195,9.6065170611743e-05
doktor,6.747129808169195,9.6065170611743e-05
pomagała,6.747129808169195,9.6065170611743e-05
spokojny,6.694452330749815,0.0001248847217952659
strasznie,6.694452330749815,0.0001248847217952659
codzienny,6.603850200306223,0.0003410313556716877
jasny,6.5205073315703475,0.0001729173071011374
piękne,6.351774875211333,0.00029780202889640334
czuja,6.323751442506806,0.0003170150630187519
wewnętrzny,6.31313544027728,0.0003362280971411005
duży,6.2995166414441215,0.0009126191208115586
ćwiczenia,6.242081066588255,9.126191208115586e-05
znacznie,6.242081066588255,9.126191208115586e-05
psychicznie,6.242081066588255,9.126191208115586e-05
przygotowywać,6.240394952650285,0.00012008146326467875
boleć,6.240394952650285,0.00012008146326467875
tajemnica,6.240394952650285,0.00012008146326467875
pewnie,6.238590627884083,0.000192130341223486
pojawić,6.228414006705648,0.0005187519213034123
oczywiście,6.159639147902958,0.0004995388871810636
jednocześnie,6.152967930597704,0.00025457270212111895
trochę,6.127452576397767,0.0004082769750999078
zniknąć,6.104647827025426,0.00014409775591761451
piękno,6.104647827025426,0.00014409775591761451
spokój,6.089326540611474,0.0003890639409775592
lęk,6.0266022322211015,0.00033142483861051336
opieka,5.87188854143324,0.00018732708269289885
proces,5.87188854143324,0.00018732708269289885
etap,5.87188854143324,0.00018732708269289885
zły,5.869177933066609,0.00040347371656932065
obrazek,5.792267903088169,0.00011527820473409161
naturalny,5.792267903088169,0.00011527820473409161
oblicze,5.792267903088169,0.00011527820473409161
odprawiać,5.792267903088169,0.00011527820473409161
rada,5.792267903088169,0.00011527820473409161
udać,5.789818004895547,0.00036504764832462344
sytuacja,5.778116484903336,0.0007156855210574854
poszukiwanie,5.7432867265986705,0.00016331079003996312
dobro,5.7432867265986705,0.00016331079003996312
typ,5.742302426390186,8.64586535505687e-05
Kraków,5.742302426390186,8.64586535505687e-05
małżonek,5.742302426390186,8.64586535505687e-05
wad,5.742302426390186,8.64586535505687e-05
pustynia,5.742302426390186,8.64586535505687e-05
ołtarz,5.742302426390186,8.64586535505687e-05
Michał,5.742302426390186,8.64586535505687e-05
spowiednik,5.742302426390186,8.64586535505687e-05
pokora,5.742302426390186,8.64586535505687e-05
seminarium,5.742302426390186,8.64586535505687e-05
najbardziej,5.700657220199174,0.00020654011681524745
szacunek,5.6932738941466265,0.00013929449738702736
łaska,5.602412568073149,0.0007781278819551184
zawierzyć,5.587396524106566,0.00022575315093759606
emocja,5.587396524106566,0.00022575315093759606
trzymać,5.587396524106566,0.00022575315093759606
pod,5.492799131203256,0.0007252920381186597
poza,5.4665370633940995,0.00032181832154933905
studia,5.422124042475339,0.0004130802336304949
że,5.405744494636679,0.017080387334767907
rana,5.363802263049939,0.00015850753150937596
diagnoza,5.350556262864536,0.00011047494620350446
Łukasz,5.350556262864536,0.00011047494620350446
rok,5.294473030677487,0.0017675991392560714
znajomości,5.288368975875828,0.0001344912388564402
szczęście,5.266472340114021,0.0005331616968951737
znalezienie,5.248380314132254,8.165539501998156e-05
intensywny,5.248380314132254,8.165539501998156e-05
odpowiedzialność,5.248380314132254,8.165539501998156e-05
USG,5.248380314132254,8.165539501998156e-05
data,5.248380314132254,8.165539501998156e-05
jednak,5.188055752346607,0.0021758761143559793
łóżko,5.173978452960096,0.00025937596065170614
zająć,5.172583998531538,0.00029780202889640334
klasa,5.156264628057155,0.00017772056563172456
dlaczego,5.09731106620448,0.0004947356286504765
przykład,5.024690494461623,0.00019693359975407317
głowa,5.011240413047592,0.0006628496772210267
dodać,4.990872502307279,0.0001537042729787888
przyjmować,4.9438954392227,0.00021614663387642177
niż,4.9359482903913765,0.000542768213956348
tłum,4.915807214628038,0.0001056716876729173
23,4.915807214628038,0.0001056716876729173
metoda,4.915807214628038,0.0001056716876729173
zadanie,4.915807214628038,0.0001056716876729173
posługa,4.915807214628038,0.0001056716876729173
staranie,4.915807214628038,0.0001056716876729173
wiadomo,4.890380498677761,0.00012968798032585307
podróż,4.890380498677761,0.00012968798032585307
dostać,4.881109006446785,0.0004899323701198894
planować,4.761004864274327,7.68521364893944e-05
poczekać,4.761004864274327,7.68521364893944e-05
udo,4.761004864274327,7.68521364893944e-05
post,4.761004864274327,7.68521364893944e-05
wynikać,4.761004864274327,7.68521364893944e-05
różańcowy,4.761004864274327,7.68521364893944e-05
półtora,4.761004864274327,7.68521364893944e-05
bić,4.761004864274327,7.68521364893944e-05
odbierać,4.761004864274327,7.68521364893944e-05
pojednanie,4.761004864274327,7.68521364893944e-05
żeby,4.719883796088684,0.0010759299108515216
wchodzić,4.695912987601885,0.000192130341223486
te,4.652327566612303,0.00099427451583154
rad,4.599091958186751,0.00023055640946818322
wiele,4.575179202559632,0.0017531893636643099
relacja,4.541427954631001,0.0006340301260375038
początek,4.517151777903887,0.0007973409160774669
zamknąć,4.499804022104729,0.0001248847217952659
bierzmowanie,4.488641125236246,0.00010086842914233016
boski,4.488641125236246,0.00010086842914233016
łatwy,4.466414103391211,0.00016811404857055025
przecież,4.414962129090924,0.0007781278819551184
parafia,4.373659004297211,0.00018732708269289885
mimo,4.340225434138901,0.0007108822625268983
dwa,4.319574419039721,0.0011095527205656317
bycie,4.3053180085694915,0.00022575315093759606
przytulić,4.280995921935821,7.204887795880726e-05
partner,4.280995921935821,7.204887795880726e-05
ulubiony,4.280995921935821,7.204887795880726e-05
wzajemny,4.280995921935821,7.204887795880726e-05
cały,4.24881030256109,0.002147056563172456
prosty,4.238529671513774,0.0006916692284045496
też,4.174651565760492,0.0017964186904395943
odkrywać,4.132022954063561,0.00016331079003996312
codzienność,4.132022954063561,0.00016331079003996312
błagać,4.069765218016943,9.6065170611743e-05
dostrzec,4.069765218016943,9.6065170611743e-05
zakochać,4.069765218016943,9.6065170611743e-05
miara,4.069765218016943,9.6065170611743e-05
mnóstwo,4.069765218016943,9.6065170611743e-05
zranienie,4.069765218016943,9.6065170611743e-05
niezwykle,4.069765218016943,9.6065170611743e-05
dokładnie,4.059551027074294,0.00025937596065170614
źle,4.027614531216383,0.00033142483861051336
pokus,3.915526024482019,0.00013929449738702736
bliski,3.899477076451955,0.00029299877036581616
ufać,3.8443430399426948,0.0002737857362434676
praktykująca,3.8093377467332967,6.72456194282201e-05
osiem,3.8093377467332967,6.72456194282201e-05
byle,3.8093377467332967,6.72456194282201e-05
zorientować,3.8093377467332967,6.72456194282201e-05
narodziny,3.8093377467332967,6.72456194282201e-05
sfera,3.8093377467332967,6.72456194282201e-05
wyprosić,3.8093377467332967,6.72456194282201e-05
przedmiot,3.8093377467332967,6.72456194282201e-05
mądry,3.8093377467332967,6.72456194282201e-05
rozważanie,3.8093377467332967,6.72456194282201e-05
wewnętrznie,3.8093377467332967,6.72456194282201e-05
bola,3.8093377467332967,6.72456194282201e-05
cierpliwy,3.8093377467332967,6.72456194282201e-05
poranić,3.8093377467332967,6.72456194282201e-05
deska,3.8093377467332967,6.72456194282201e-05
skuteczny,3.8093377467332967,6.72456194282201e-05
oczywisty,3.8093377467332967,6.72456194282201e-05
zbudować,3.8093377467332967,6.72456194282201e-05
trwać,3.7759940970940225,0.0004130802336304949
postać,3.74315437673046,0.00011527820473409161
niby,3.74315437673046,0.00011527820473409161
synek,3.74315437673046,0.00011527820473409161
tuż,3.74315437673046,0.00011527820473409161
długi,3.7269657196566133,0.00036024438979403626
zmagania,3.659990597594022,9.126191208115586e-05
wspomnienie,3.659990597594022,9.126191208115586e-05
zachorować,3.659990597594022,9.126191208115586e-05
znajomość,3.659990597594022,9.126191208115586e-05
sprawa,3.6574274561222246,0.00096065170611743
skoro,3.6562799333430593,0.00028819551183522903
grudzień,3.5731312827129695,0.0001344912388564402
nadal,3.566645664293471,0.0004755225945281279
trzeci,3.5408107551074295,0.0002497694435905318
głęboko,3.495586763549433,0.00023055640946818322
przekonanie,3.486307021846562,0.0001537042729787888
młody,3.4446476108809687,0.000192130341223486
tym,3.4020987967979295,0.004356555487242546
porozmawiać,3.3783847899164963,0.00011047494620350446
fizycznie,3.3783847899164963,0.00011047494620350446
ofiarować,3.3783847899164963,0.00011047494620350446
poprawa,3.3783847899164963,0.00011047494620350446
zamknięty,3.3783847899164963,0.00011047494620350446
perspektywa,3.3515899388978028,0.00026417921918229327
wiadomości,3.3472261653749076,6.244236089763295e-05
zgłosić,3.3472261653749076,6.244236089763295e-05
wcześnie,3.3472261653749076,6.244236089763295e-05
ukrywać,3.3472261653749076,6.244236089763295e-05
duchowny,3.3472261653749076,6.244236089763295e-05
wymarzony,3.3472261653749076,6.244236089763295e-05
uśmiechać,3.3472261653749076,6.244236089763295e-05
trójka,3.3472261653749076,6.244236089763295e-05
postaw,3.3472261653749076,6.244236089763295e-05
ideał,3.3472261653749076,6.244236089763295e-05
skrzywdzić,3.3472261653749076,6.244236089763295e-05
doceniać,3.3472261653749076,6.244236089763295e-05
czwarty,3.3472261653749076,6.244236089763295e-05
wyzwanie,3.3472261653749076,6.244236089763295e-05
internetowy,3.3472261653749076,6.244236089763295e-05
czas,3.3338713589895264,0.004582308638180142
siła,3.330224519199298,0.0007445050722410083
część,3.290640426997445,0.0002449661850599447
strona,3.2739140956438995,0.0006148170919151552
minąć,3.2633771701660947,0.00029780202889640334
uzdrawiać,3.2602536657851737,8.64586535505687e-05
poprzedni,3.2602536657851737,8.64586535505687e-05
płuco,3.2602536657851737,8.64586535505687e-05
zwłaszcza,3.2396701282685916,0.00012968798032585307
rodzinny,3.237528997969248,0.00022575315093759606
ludzki,3.2118062746041183,0.00033142483861051336
zbliżać,3.1758874376056667,0.00014890101444820167
zrezygnować,3.1758874376056667,0.00014890101444820167
przypomnieć,3.165875313657084,0.00018732708269289885
okazja,3.165875313657084,0.00018732708269289885
film,3.165875313657084,0.00018732708269289885
ogół,3.114207003352824,0.00025937596065170614
o,3.063130527095865,0.006878266215800799
szybko,3.05183787697227,0.0004947356286504765
podzielić,3.046899944452546,0.0002401629265293575
styczeń,3.0236570886783705,0.0001056716876729173
martwić,3.0236570886783705,0.0001056716876729173
dodawać,3.0236570886783705,0.0001056716876729173
pokazować,3.0236570886783705,0.0001056716876729173
kierownik,3.0236570886783705,0.0001056716876729173
wymagać,3.0236570886783705,0.0001056716876729173
Ola,3.0236570886783705,0.0001056716876729173
brak,2.9871830240930457,0.00039386719950814633
potrafić,2.9674272889282136,0.0007637181063633569
krótko,2.9157726695314743,0.0001248847217952659
przyjemność,2.9157726695314743,0.0001248847217952659
trakt,2.9157726695314743,0.0001248847217952659
różnica,2.9157726695314743,0.0001248847217952659
autobus,2.8961339515440847,5.7639102367045804e-05
dwójka,2.8961339515440847,5.7639102367045804e-05
przerażony,2.8961339515440847,5.7639102367045804e-05
docenić,2.8961339515440847,5.7639102367045804e-05
poprawić,2.8961339515440847,5.7639102367045804e-05
akcja,2.8961339515440847,5.7639102367045804e-05
parafialny,2.8961339515440847,5.7639102367045804e-05
przeświadczenie,2.8961339515440847,5.7639102367045804e-05
milczenie,2.8961339515440847,5.7639102367045804e-05
zaledwie,2.8961339515440847,5.7639102367045804e-05
cisza,2.8961339515440847,5.7639102367045804e-05
napięcie,2.8961339515440847,5.7639102367045804e-05
organizm,2.8961339515440847,5.7639102367045804e-05
skóra,2.8961339515440847,5.7639102367045804e-05
oczyszczać,2.8961339515440847,5.7639102367045804e-05
wmawiać,2.8961339515440847,5.7639102367045804e-05
okazować,2.8961339515440847,5.7639102367045804e-05
schody,2.8961339515440847,5.7639102367045804e-05
brzuch,2.8961339515440847,5.7639102367045804e-05
zapewne,2.8961339515440847,5.7639102367045804e-05
niesamowity,2.88309277736076,0.00025457270212111895
wspierać,2.874432473866719,0.00014409775591761451
tekst,2.874432473866719,0.00014409775591761451
uznać,2.87218178044683,0.00016331079003996312
słaby,2.87218178044683,0.00016331079003996312
udawać,2.87218178044683,0.00016331079003996312
sukces,2.8716433632993352,8.165539501998156e-05
istotny,2.8716433632993352,8.165539501998156e-05
gorąco,2.8716433632993352,8.165539501998156e-05
trzecia,2.8716433632993352,8.165539501998156e-05
J,2.8716433632993352,8.165539501998156e-05
miłosierny,2.8716433632993352,8.165539501998156e-05
skupiać,2.8716433632993352,8.165539501998156e-05
wczesno,2.8233254161713646,0.0006484399016292653
trudność,2.809827252286375,0.00023535966799877037
tylko,2.767053036018808,0.0027858899477405472
zdrowy,2.740833263508481,0.0002689824777128804
uświadomić,2.6820713784866532,0.00019693359975407317
refleksja,2.6798484620347347,0.00010086842914233016
kwiecień,2.6798484620347347,0.00010086842914233016
wykonać,2.6798484620347347,0.00010086842914233016
ostatnie,2.6798484620347347,0.00010086842914233016
przynieść,2.6798484620347347,0.00010086842914233016
informacja,2.6798484620347347,0.00010086842914233016
uśmiech,2.6798484620347347,0.00010086842914233016
wiadomość,2.6798484620347347,0.00010086842914233016
wytrwać,2.6798484620347347,0.00010086842914233016
stan,2.64653822502337,0.0009222256378727329
mały,2.632132243466698,0.00017772056563172456
duchowy,2.6054238757775483,0.0005139486627728251
ogarnąć,2.6021382463681118,0.00012008146326467875
stopień,2.596622644367878,0.00015850753150937596
błąd,2.596622644367878,0.00015850753150937596
czyli,2.579673792122591,0.00023055640946818322
reakcja,2.4954362511536394,7.68521364893944e-05
przystąpić,2.4954362511536394,7.68521364893944e-05
uleczyć,2.4954362511536394,7.68521364893944e-05
kilkanaście,2.4954362511536394,7.68521364893944e-05
rzadko,2.4954362511536394,7.68521364893944e-05
głównie,2.4954362511536394,7.68521364893944e-05
skupienie,2.4954362511536394,7.68521364893944e-05
umierać,2.4954362511536394,7.68521364893944e-05
przeszły,2.4954362511536394,7.68521364893944e-05
mózg,2.4954362511536394,7.68521364893944e-05
tymczasem,2.4954362511536394,7.68521364893944e-05
dzieciątko,2.4954362511536394,7.68521364893944e-05
zaczynać,2.475502733365259,0.0004130802336304949
kształt,2.457903607314019,5.283584383645865e-05
lekarka,2.457903607314019,5.283584383645865e-05
rozpoczęcie,2.457903607314019,5.283584383645865e-05
wstawienniczy,2.457903607314019,5.283584383645865e-05
ustąpić,2.457903607314019,5.283584383645865e-05
regularny,2.457903607314019,5.283584383645865e-05
gra,2.457903607314019,5.283584383645865e-05
zdiagnozować,2.457903607314019,5.283584383645865e-05
stanowić,2.457903607314019,5.283584383645865e-05
działalność,2.457903607314019,5.283584383645865e-05
świętość,2.457903607314019,5.283584383645865e-05
wysłać,2.457903607314019,5.283584383645865e-05
wskazywać,2.457903607314019,5.283584383645865e-05
zakonnica,2.457903607314019,5.283584383645865e-05
powiedzenie,2.457903607314019,5.283584383645865e-05
rocznica,2.457903607314019,5.283584383645865e-05
dzielenie,2.457903607314019,5.283584383645865e-05
czułości,2.457903607314019,5.283584383645865e-05
prawdopodobnie,2.457903607314019,5.283584383645865e-05
świetnie,2.457903607314019,5.283584383645865e-05
towarzyszyć,2.4124153386585245,0.0002785889947740547
pełny,2.4009541218082777,0.0004755225945281279
obok,2.377957661824471,0.0001729173071011374
kobieta,2.350230746385554,0.0004899323701198894
nieść,2.3479564938009423,9.6065170611743e-05
gimnazjum,2.3479564938009423,9.6065170611743e-05
stały,2.3479564938009423,9.6065170611743e-05
termin,2.3479564938009423,9.6065170611743e-05
przyjaźń,2.3479564938009423,9.6065170611743e-05
spotykać,2.3201619866354335,0.00025937596065170614
dzięki,2.307417718275236,0.0006772594528127882
właściwy,2.3007264914797663,0.0001344912388564402
budować,2.3007264914797663,0.0001344912388564402
dziać,2.2995459790933754,0.00011527820473409161
cokolwiek,2.2995459790933754,0.00011527820473409161
rozpacz,2.2995459790933754,0.00011527820473409161
ufność,2.2995459790933754,0.00011527820473409161
ostatni,2.298728671187998,0.0004563095604057793
życiowy,2.2765452168577447,0.00020654011681524745
wydawać,2.2098200184687506,0.0006580464186904395
mocno,2.1701127170694505,0.0003554411312634491
święto,2.13314230892736,7.204887795880726e-05
czwarta,2.13314230892736,7.204887795880726e-05
ochota,2.13314230892736,7.204887795880726e-05
id,2.13314230892736,7.204887795880726e-05
widać,2.13314230892736,7.204887795880726e-05
pozostały,2.13314230892736,7.204887795880726e-05
ślad,2.13314230892736,7.204887795880726e-05
zapominać,2.13314230892736,7.204887795880726e-05
stąd,2.13314230892736,7.204887795880726e-05
depresja,2.1328299611167836,0.00016811404857055025
twarz,2.1328299611167836,0.00016811404857055025
pomyśleć,2.0943009368964898,0.0004178834921610821
temat,2.0943009368964898,0.0004178834921610821
dojść,2.0684347036671262,0.0003362280971411005
nagle,2.046196309777404,0.000384260682446972
młoda,2.0401867077948594,0.0003026052874269905
wizerunek,2.0348826090084713,4.80325853058715e-05
chować,2.0348826090084713,4.80325853058715e-05
przemoc,2.0348826090084713,4.80325853058715e-05
czuwanie,2.0348826090084713,4.80325853058715e-05
zewnętrzny,2.0348826090084713,4.80325853058715e-05
fascynacja,2.0348826090084713,4.80325853058715e-05
gazeta,2.0348826090084713,4.80325853058715e-05
Król,2.0348826090084713,4.80325853058715e-05
reguła,2.0348826090084713,4.80325853058715e-05
ostatnio,2.0348826090084713,4.80325853058715e-05
zrodzić,2.0348826090084713,4.80325853058715e-05
lecieć,2.0348826090084713,4.80325853058715e-05
załamać,2.0348826090084713,4.80325853058715e-05
lekarski,2.0348826090084713,4.80325853058715e-05
teściowa,2.0348826090084713,4.80325853058715e-05
przejście,2.0348826090084713,4.80325853058715e-05
jasno,2.0348826090084713,4.80325853058715e-05
dzisiejsi,2.0348826090084713,4.80325853058715e-05
dojrzewać,2.0348826090084713,4.80325853058715e-05
kołatać,2.0348826090084713,4.80325853058715e-05
konto,2.0348826090084713,4.80325853058715e-05
jakikolwiek,2.029775513537147,0.00012968798032585307
obecny,2.029775513537147,0.00012968798032585307
sierpień,2.029775513537147,0.00012968798032585307
podejmować,2.0291222949708683,9.126191208115586e-05
psycholog,2.0291222949708683,9.126191208115586e-05
widok,2.0291222949708683,9.126191208115586e-05
lekki,2.0291222949708683,9.126191208115586e-05
akurat,2.0291222949708683,9.126191208115586e-05
zmęczony,2.0291222949708683,9.126191208115586e-05
5,2.0240794831152584,0.0002689824777128804
jaka,2.0240794831152584,0.0002689824777128804
dowód,2.0088674107403666,0.00011047494620350446
przechodzić,2.0088674107403666,0.00011047494620350446
niezwykły,2.0088674107403666,0.00011047494620350446
dosłownie,2.0088674107403666,0.00011047494620350446
przeszkoda,2.0088674107403666,0.00011047494620350446
szpital,1.9553214427113748,0.00046111281893636643
rozmowa,1.9430336872409555,0.0005235551798339993
drugi,1.9424260637539525,0.0004130802336304949
często,1.9001695461401304,0.0009798647402397788
obecnie,1.8972293468363377,0.00016331079003996312
myśl,1.8527948587791236,0.0011864048570550262
niemożliwy,1.8431100266781293,0.00019693359975407317
poła,1.839899776851471,0.00026417921918229327
zauważyć,1.839899776851471,0.00026417921918229327
przejść,1.8296110273056811,0.00023055640946818322
bowiem,1.8281399666715297,0.00014409775591761451
kwestia,1.8281399666715297,0.00014409775591761451
dręczyć,1.7865656413564848,6.72456194282201e-05
przyjemny,1.7865656413564848,6.72456194282201e-05
uderzyć,1.7865656413564848,6.72456194282201e-05
fala,1.7865656413564848,6.72456194282201e-05
podejście,1.7865656413564848,6.72456194282201e-05
Zmartwychwstanie,1.7865656413564848,6.72456194282201e-05
MT,1.7865656413564848,6.72456194282201e-05
widzenie,1.7865656413564848,6.72456194282201e-05
zgoda,1.7865656413564848,6.72456194282201e-05
natychmiast,1.7704053775537147,0.0001248847217952659
wczesny,1.7704053775537147,0.0001248847217952659
konsekwencja,1.7704053775537147,0.0001248847217952659
telefon,1.7704053775537147,0.0001248847217952659
iść,1.7594882912099585,0.000701275745465724
świadectwo,1.7411091808756076,0.0007156855210574854
więc,1.731856155963932,0.0009414386719950815
przynajmniej,1.7310817629119182,0.0001056716876729173
przestały,1.7310817629119182,0.0001056716876729173
odpowiedni,1.7310817629119182,0.0001056716876729173
facet,1.7310817629119182,0.0001056716876729173
rodzić,1.7310817629119182,0.0001056716876729173
dama,1.7310817629119182,0.0001056716876729173
zapisać,1.7246594843200387,8.64586535505687e-05
okazały,1.7246594843200387,8.64586535505687e-05
szansa,1.6967509517193555,0.00029299877036581616
punkt,1.671675420393222,0.00015850753150937596
własny,1.6626728858122188,0.00025937596065170614
dzień,1.6459236991561959,0.0027282508453735014
zachowanie,1.639377764042849,0.000192130341223486
niepowodzenie,1.6301268328925869,4.322932677528435e-05
skutecznie,1.6301268328925869,4.322932677528435e-05
dołączyć,1.6301268328925869,4.322932677528435e-05
nerwowy,1.6301268328925869,4.322932677528435e-05
poniedziałek,1.6301268328925869,4.322932677528435e-05
natrafić,1.6301268328925869,4.322932677528435e-05
nieczysta,1.6301268328925869,4.322932677528435e-05
trzydzieści,1.6301268328925869,4.322932677528435e-05
ubogi,1.6301268328925869,4.322932677528435e-05
zdziałać,1.6301268328925869,4.322932677528435e-05
wystawić,1.6301268328925869,4.322932677528435e-05
odkładać,1.6301268328925869,4.322932677528435e-05
ograniczać,1.6301268328925869,4.322932677528435e-05
sesja,1.6301268328925869,4.322932677528435e-05
trząść,1.6301268328925869,4.322932677528435e-05
szykować,1.6301268328925869,4.322932677528435e-05
dziesiątek,1.6301268328925869,4.322932677528435e-05
systematycznie,1.6301268328925869,4.322932677528435e-05
podejrzewać,1.6301268328925869,4.322932677528435e-05
ogromnie,1.6301268328925869,4.322932677528435e-05
wykazać,1.6301268328925869,4.322932677528435e-05
zapewniać,1.6301268328925869,4.322932677528435e-05
idealnie,1.6301268328925869,4.322932677528435e-05
chociażby,1.6301268328925869,4.322932677528435e-05
okolica,1.6301268328925869,4.322932677528435e-05
otucha,1.6301268328925869,4.322932677528435e-05
wrażliwość,1.6301268328925869,4.322932677528435e-05
bogactwo,1.6301268328925869,4.322932677528435e-05
posiłek,1.6301268328925869,4.322932677528435e-05
hormon,1.6301268328925869,4.322932677528435e-05
jezusowy,1.6301268328925869,4.322932677528435e-05
fałszywy,1.6301268328925869,4.322932677528435e-05
wigilia,1.6301268328925869,4.322932677528435e-05
ot,1.6301268328925869,4.322932677528435e-05
patrzenie,1.6301268328925869,4.322932677528435e-05
specjalista,1.6301268328925869,4.322932677528435e-05
pragnienie,1.6160037751188252,0.000480325853058715
tutaj,1.5946743846598377,0.0002737857362434676
poradzić,1.5933640207685054,0.00013929449738702736
święty,1.5846778977023988,0.001023094067015063
oraz,1.560838888147913,0.0005091454042422379
moment,1.548593407855659,0.0010951429449738703
dowiedzieć,1.5352698387410229,0.0003362280971411005
obiecać,1.523449972226273,0.00012008146326467875
wpaść,1.523449972226273,0.00012008146326467875
bać,1.5126597711981375,0.0005379649554257608
założyć,1.4672944832666523,0.00010086842914233016
sekunda,1.4672944832666523,0.00010086842914233016
pokochać,1.4672944832666523,0.00010086842914233016
grób,1.4672944832666523,0.00010086842914233016
tysiąc,1.4672944832666523,0.00010086842914233016
październik,1.4672944832666523,0.00010086842914233016
uwaga,1.4607154049407463,0.00022094989240700893
sumienie,1.4607154049407463,0.00022094989240700893
potrzeb,1.4578863347657371,6.244236089763295e-05
włączyć,1.4578863347657371,6.244236089763295e-05
wyrażać,1.4578863347657371,6.244236089763295e-05
kochany,1.4578863347657371,6.244236089763295e-05
ławka,1.4578863347657371,6.244236089763295e-05
przemienić,1.4578863347657371,6.244236089763295e-05
bliźni,1.4578863347657371,6.244236089763295e-05
urlop,1.4578863347657371,6.244236089763295e-05
rozwiązać,1.4578863347657371,6.244236089763295e-05
ułożyć,1.4578863347657371,6.244236089763295e-05
pretensja,1.4578863347657371,6.244236089763295e-05
rola,1.4578863347657371,6.244236089763295e-05
zechcieć,1.4578863347657371,6.244236089763295e-05
począć,1.4578863347657371,6.244236089763295e-05
uczeń,1.4578863347657371,6.244236089763295e-05
wątpliwość,1.456731623820363,0.0001537042729787888
rozwiązanie,1.456731623820363,0.0001537042729787888
twierdzić,1.436090890223415,8.165539501998156e-05
finansowy,1.436090890223415,8.165539501998156e-05
pociąg,1.436090890223415,8.165539501998156e-05
początkowo,1.436090890223415,8.165539501998156e-05
wybierać,1.436090890223415,8.165539501998156e-05
totalny,1.436090890223415,8.165539501998156e-05
wykorzystać,1.436090890223415,8.165539501998156e-05
idealny,1.436090890223415,8.165539501998156e-05
podjąć,1.4336367160267134,0.0003170150630187519
ciągle,1.4162286949898135,0.0003794574239163849
przez,1.3789817140215916,0.00264659545035352
święta,1.3765978080416694,0.0011143559790962188
pierwsze,1.3704166317542406,0.0001344912388564402
prezent,1.3704166317542406,0.0001344912388564402
doświadczyć,1.3531524974993765,0.0004082769750999078
pozwolić,1.317127336067653,0.00036024438979403626
wyjaśnić,1.2898368960612956,0.00011527820473409161
wyrzut,1.2898368960612956,0.00011527820473409161
ponad,1.2886957281046163,0.00021614663387642177
mała,1.2852613897760818,0.0003746541653857977
powoli,1.2771442325975872,0.00026417921918229327
bardzo,1.2748877319446024,0.0033478711958192437
dlatego,1.2702923845165213,0.000542768213956348
cierpieć,1.2599033282888392,0.00018252382416231172
poważny,1.2599033282888392,0.00018252382416231172
wiedzieć,1.2591148706258757,0.003232592991085152
ciało,1.2561753987613802,0.0003890639409775592
obowiązek,1.2530103316538712,0.00014890101444820167
oczekiwanie,1.2530103316538712,0.00014890101444820167
super,1.2477181255768197,3.84260682446972e-05
rosnąć,1.2477181255768197,3.84260682446972e-05
kilometr,1.2477181255768197,3.84260682446972e-05
zadziałać,1.2477181255768197,3.84260682446972e-05
tkwić,1.2477181255768197,3.84260682446972e-05
przyzwyczajenie,1.2477181255768197,3.84260682446972e-05
ciepły,1.2477181255768197,3.84260682446972e-05
lenistwo,1.2477181255768197,3.84260682446972e-05
wezwać,1.2477181255768197,3.84260682446972e-05
narzucać,1.2477181255768197,3.84260682446972e-05
krzyżowa,1.2477181255768197,3.84260682446972e-05
plecy,1.2477181255768197,3.84260682446972e-05
osobno,1.2477181255768197,3.84260682446972e-05
mniejszy,1.2477181255768197,3.84260682446972e-05
sprawdzać,1.2477181255768197,3.84260682446972e-05
dziwnie,1.2477181255768197,3.84260682446972e-05
tkwieć,1.2477181255768197,3.84260682446972e-05
pies,1.2477181255768197,3.84260682446972e-05
oddech,1.2477181255768197,3.84260682446972e-05
wzruszenie,1.2477181255768197,3.84260682446972e-05
łazienka,1.2477181255768197,3.84260682446972e-05
męski,1.2477181255768197,3.84260682446972e-05
lektura,1.2477181255768197,3.84260682446972e-05
ziemski,1.2477181255768197,3.84260682446972e-05
zajść,1.2477181255768197,3.84260682446972e-05
zagrozić,1.2477181255768197,3.84260682446972e-05
utrata,1.2477181255768197,3.84260682446972e-05
zupełny,1.2477181255768197,3.84260682446972e-05
zdradzać,1.2477181255768197,3.84260682446972e-05
szczęśliwie,1.2477181255768197,3.84260682446972e-05
nadzwyczajny,1.2477181255768197,3.84260682446972e-05
wyrzekać,1.2477181255768197,3.84260682446972e-05
przeżyty,1.2477181255768197,3.84260682446972e-05
rak,1.2477181255768197,3.84260682446972e-05
czyjś,1.2477181255768197,3.84260682446972e-05
motywacja,1.2477181255768197,3.84260682446972e-05
wierność,1.2477181255768197,3.84260682446972e-05
okropnie,1.2477181255768197,3.84260682446972e-05
przewidzieć,1.2477181255768197,3.84260682446972e-05
włożyć,1.2477181255768197,3.84260682446972e-05
błogosławiony,1.2477181255768197,3.84260682446972e-05
ledwo,1.2477181255768197,3.84260682446972e-05
konkretnie,1.2477181255768197,3.84260682446972e-05
adopcyjny,1.2477181255768197,3.84260682446972e-05
zaprzyjaźnić,1.2477181255768197,3.84260682446972e-05
Polska,1.2277177858664619,0.00023055640946818322
trudno,1.2277177858664619,0.00023055640946818322
czuwać,1.2187599777810179,9.6065170611743e-05
oznaczać,1.2187599777810179,9.6065170611743e-05
zbliżyć,1.2187599777810179,9.6065170611743e-05
kaplica,1.2187599777810179,9.6065170611743e-05
warunek,1.2187599777810179,9.6065170611743e-05
stosunek,1.2187599777810179,9.6065170611743e-05
pozostawać,1.2187599777810179,9.6065170611743e-05
czym,1.2183778054372674,0.0003410313556716877
jak,1.2103656936509282,0.00542768213956348
pokazać,1.1876439872100715,0.0003554411312634491
wcale,1.1868277504305835,0.00019693359975407317
praktyka,1.165195587849817,7.68521364893944e-05
wydać,1.165195587849817,7.68521364893944e-05
połowa,1.165195587849817,7.68521364893944e-05
wykorzystywać,1.165195587849817,7.68521364893944e-05
rozmawiać,1.1618247160464321,0.000446703043344605
miasto,1.1601857118797447,0.00016331079003996312
zgodzić,1.1601857118797447,0.00016331079003996312
piąć,1.1600809933177167,0.00012968798032585307
myśleć,1.1555840765750656,0.001085536427912696
smutny,1.1497729895466877,5.7639102367045804e-05
kolejka,1.1497729895466877,5.7639102367045804e-05
chorować,1.1497729895466877,5.7639102367045804e-05
zazwyczaj,1.1497729895466877,5.7639102367045804e-05
między_innymi,1.1497729895466877,5.7639102367045804e-05
psychika,1.1497729895466877,5.7639102367045804e-05
dążyć,1.1497729895466877,5.7639102367045804e-05
decydować,1.1497729895466877,5.7639102367045804e-05
połączyć,1.1497729895466877,5.7639102367045804e-05
wyjeżdżać,1.1497729895466877,5.7639102367045804e-05
kawałek,1.1497729895466877,5.7639102367045804e-05
obwiniać,1.1497729895466877,5.7639102367045804e-05
Częstochowa,1.1497729895466877,5.7639102367045804e-05
wbrew,1.1497729895466877,5.7639102367045804e-05
szczegół,1.1497729895466877,5.7639102367045804e-05
miesięczny,1.1497729895466877,5.7639102367045804e-05
pogrzeb,1.1497729895466877,5.7639102367045804e-05
zasada,1.0850563585347253,0.00017772056563172456
ręka,1.0825241159166339,0.000638833384568091
cieszyć,1.0731339352614615,0.00022575315093759606
związać,1.0731339352614615,0.00022575315093759606
dana,1.0706020915346972,0.00011047494620350446
zamiast,1.0706020915346972,0.00011047494620350446
pogodzić,1.0706020915346972,0.00011047494620350446
ktoś,1.0432129039485396,0.0009318321549339071
nasi,1.0281162421295598,0.0007397018137104211
para,1.023098154888702,0.000192130341223486
codziennie,1.0178193050459567,0.0003794574239163849
rozpocząć,1.0178193050459567,0.0003794574239163849
przyszły,0.9940572419259617,0.0003170150630187519
pomagać,0.9940572419259617,0.0003170150630187519
zostawiać,0.9869097179364612,9.126191208115586e-05
boja,0.9869097179364612,9.126191208115586e-05
oddalać,0.9869097179364612,9.126191208115586e-05
misja,0.9869097179364612,9.126191208115586e-05
wstydzić,0.9869097179364612,9.126191208115586e-05
okazywać,0.9869097179364612,9.126191208115586e-05
oddział,0.9869097179364612,9.126191208115586e-05
rozwój,0.9869097179364612,9.126191208115586e-05
zakończyć,0.983417110847987,0.00015850753150937596
lek,0.983417110847987,0.00015850753150937596
udział,0.983417110847987,0.00015850753150937596
wobec,0.9712130318769763,0.00020654011681524745
tamto,0.9688133113353086,0.00033142483861051336
patrzyć,0.9632210338360485,0.0001248847217952659
czysta,0.9632210338360485,0.0001248847217952659
gotowy,0.9632210338360485,0.0001248847217952659
dostrzegać,0.9632210338360485,0.0001248847217952659
twoi,0.9632210338360485,0.0001248847217952659
była,0.9552710930919517,0.0017916154319090071
a,0.9325667635852568,0.006028089455886874
ale,0.9288506645903603,0.005384452812788196
wręcz,0.927206559032788,0.00022094989240700893
dość,0.9249330261825204,0.00028339225330464184
pamięć,0.9207883393998344,0.0001729173071011374
kuchnia,0.9140699833357648,7.204887795880726e-05
przekazać,0.9140699833357648,7.204887795880726e-05
stopniowo,0.9140699833357648,7.204887795880726e-05
zatem,0.9140699833357648,7.204887795880726e-05
względem,0.9140699833357648,7.204887795880726e-05
absolutnie,0.9140699833357648,7.204887795880726e-05
potoczyć,0.8932828206782424,3.362280971411005e-05
psychiatra,0.8932828206782424,3.362280971411005e-05
przykro,0.8932828206782424,3.362280971411005e-05
zero,0.8932828206782424,3.362280971411005e-05
nastrój,0.8932828206782424,3.362280971411005e-05
pozytywnie,0.8932828206782424,3.362280971411005e-05
marne,0.8932828206782424,3.362280971411005e-05
uprawiać,0.8932828206782424,3.362280971411005e-05
przystępować,0.8932828206782424,3.362280971411005e-05
zaznaczyć,0.8932828206782424,3.362280971411005e-05
wakacyjny,0.8932828206782424,3.362280971411005e-05
ulegać,0.8932828206782424,3.362280971411005e-05
ucha,0.8932828206782424,3.362280971411005e-05
waga,0.8932828206782424,3.362280971411005e-05
znana,0.8932828206782424,3.362280971411005e-05
pisanie,0.8932828206782424,3.362280971411005e-05
ponadto,0.8932828206782424,3.362280971411005e-05
zmusić,0.8932828206782424,3.362280971411005e-05
ponowny,0.8932828206782424,3.362280971411005e-05
zabraknąć,0.8932828206782424,3.362280971411005e-05
trumna,0.8932828206782424,3.362280971411005e-05
powstanie,0.8932828206782424,3.362280971411005e-05
namówić,0.8932828206782424,3.362280971411005e-05
palec,0.8932828206782424,3.362280971411005e-05
kilkuletni,0.8932828206782424,3.362280971411005e-05
27,0.8932828206782424,3.362280971411005e-05
załamanie,0.8932828206782424,3.362280971411005e-05
zapadły,0.8932828206782424,3.362280971411005e-05
mail,0.8932828206782424,3.362280971411005e-05
zwyczaj,0.8932828206782424,3.362280971411005e-05
skala,0.8932828206782424,3.362280971411005e-05
przeglądać,0.8932828206782424,3.362280971411005e-05
niewłaściwy,0.8932828206782424,3.362280971411005e-05
milion,0.8932828206782424,3.362280971411005e-05
chwytać,0.8932828206782424,3.362280971411005e-05
sil,0.8932828206782424,3.362280971411005e-05
zdobywać,0.8932828206782424,3.362280971411005e-05
wyczekiwać,0.8932828206782424,3.362280971411005e-05
udały,0.8932828206782424,3.362280971411005e-05
czwórka,0.8932828206782424,3.362280971411005e-05
uspokoić,0.8932828206782424,3.362280971411005e-05
obadwa,0.8932828206782424,3.362280971411005e-05
niejednokrotnie,0.8932828206782424,3.362280971411005e-05
ojczyzna,0.8932828206782424,3.362280971411005e-05
zdecydowanie,0.8932828206782424,3.362280971411005e-05
doprowadzać,0.8932828206782424,3.362280971411005e-05
prowokować,0.8932828206782424,3.362280971411005e-05
podwójny,0.8932828206782424,3.362280971411005e-05
dawanie,0.8932828206782424,3.362280971411005e-05
gorączka,0.8932828206782424,3.362280971411005e-05
trwanie,0.8932828206782424,3.362280971411005e-05
km,0.8932828206782424,3.362280971411005e-05
ruszać,0.8932828206782424,3.362280971411005e-05
ow,0.8932828206782424,3.362280971411005e-05
zdolny,0.8932828206782424,3.362280971411005e-05
uświadamiać,0.8932828206782424,3.362280971411005e-05
śmiecie,0.8932828206782424,3.362280971411005e-05
upomnieć,0.8932828206782424,3.362280971411005e-05
obdarować,0.8932828206782424,3.362280971411005e-05
biegać,0.8932828206782424,3.362280971411005e-05
ewentualny,0.8932828206782424,3.362280971411005e-05
wymieniać,0.8932828206782424,3.362280971411005e-05
przejmować,0.8932828206782424,3.362280971411005e-05
wolno,0.8932828206782424,3.362280971411005e-05
dojrzeć,0.8932828206782424,3.362280971411005e-05
wypowiedź,0.8932828206782424,3.362280971411005e-05
wyrzec,0.8932828206782424,3.362280971411005e-05
poświęcenie,0.8932828206782424,3.362280971411005e-05
scena,0.8932828206782424,3.362280971411005e-05
europejski,0.8932828206782424,3.362280971411005e-05
poniżać,0.8932828206782424,3.362280971411005e-05
wejść,0.889480074659267,0.00023535966799877037
ciąg,0.889480074659267,0.00023535966799877037
wzgląd,0.8819654632153799,0.00013929449738702736
wsparcie,0.8819654632153799,0.00013929449738702736
nigdy,0.8782760282952857,0.0011671918229326774
skierować,0.8669074621672035,0.0001056716876729173
egzamin,0.8669074621672035,0.0001056716876729173
spodziewać,0.8669074621672035,0.0001056716876729173
leczyć,0.8669074621672035,0.0001056716876729173
kręgosłup,0.8669074621672035,0.0001056716876729173
nosić,0.8669074621672035,0.0001056716876729173
wdzięczność,0.8669074621672035,0.0001056716876729173
dziewięć,0.8655408814559591,5.283584383645865e-05
paradoksalnie,0.8655408814559591,5.283584383645865e-05
obchodzić,0.8655408814559591,5.283584383645865e-05
grozić,0.8655408814559591,5.283584383645865e-05
piątek,0.8655408814559591,5.283584383645865e-05
głębszy,0.8655408814559591,5.283584383645865e-05
wyleczyć,0.8655408814559591,5.283584383645865e-05
uporządkować,0.8655408814559591,5.283584383645865e-05
śniadanie,0.8655408814559591,5.283584383645865e-05
trafiać,0.8655408814559591,5.283584383645865e-05
ukojenie,0.8655408814559591,5.283584383645865e-05
kontrola,0.8655408814559591,5.283584383645865e-05
świetny,0.8655408814559591,5.283584383645865e-05
pole,0.8655408814559591,5.283584383645865e-05
występować,0.8655408814559591,5.283584383645865e-05
marzenie,0.8655408814559591,5.283584383645865e-05
atak,0.8655408814559591,5.283584383645865e-05
malutki,0.8655408814559591,5.283584383645865e-05
stale,0.8655408814559591,5.283584383645865e-05
między,0.8533398331606712,0.00032662158007992623
napisać,0.8533398331606712,0.00032662158007992623
dobre,0.8377373636585812,0.0005956040577928067
wartość,0.8283810349383023,0.00026417921918229327
robić,0.822162644110179,0.0010327005840762374
bliscy,0.8184785239109749,0.0001537042729787888
traktować,0.8184785239109749,0.0001537042729787888
poczucie,0.817077343082306,0.0003554411312634491
aż,0.8142907282013514,0.0004755225945281279
jechać,0.8033966549515501,0.0002785889947740547
okazać,0.8019956834667799,0.0006964724869351368
także,0.794631563375658,0.0007252920381186597
mijać,0.7902764016405879,0.00021614663387642177
działo,0.7813338784906394,0.00029299877036581616
24,0.7807929512622902,0.00012008146326467875
zatrzymać,0.7807929512622902,0.00012008146326467875
fizyczny,0.7807929512622902,0.00012008146326467875
maj,0.7807929512622902,0.00012008146326467875
obudzić,0.7807929512622902,0.00012008146326467875
marzyć,0.7807929512622902,0.00012008146326467875
polegać,0.7807929512622902,0.00012008146326467875
dla,0.7749993088668781,0.003679296034429757
właśnie,0.7740205725737805,0.0008405702428527513
wyprowadzić,0.7733873288784783,8.64586535505687e-05
niszczyć,0.7733873288784783,8.64586535505687e-05
nieco,0.7733873288784783,8.64586535505687e-05
zachowywać,0.7733873288784783,8.64586535505687e-05
cierpliwość,0.7733873288784783,8.64586535505687e-05
30,0.7676349193705114,0.00016811404857055025
opisać,0.7676349193705114,0.00016811404857055025
słabość,0.7676349193705114,0.00016811404857055025
tracić,0.7261125606958938,0.00018252382416231172
sam,0.7260266603760677,0.002617775899169997
ojciec,0.7025327500471228,0.0009366354134644943
wielki,0.7023076355959272,0.0010807331693821088
bez,0.7016464619387879,0.0009798647402397788
wy,0.6932595702312678,0.000542768213956348
luty,0.6852083158771203,6.72456194282201e-05
potwierdzenie,0.6852083158771203,6.72456194282201e-05
zawód,0.6852083158771203,6.72456194282201e-05
podchodzić,0.6852083158771203,6.72456194282201e-05
aspekt,0.6852083158771203,6.72456194282201e-05
poddać,0.6852083158771203,6.72456194282201e-05
rozpoczynać,0.6852083158771203,6.72456194282201e-05
znosić,0.6852083158771203,6.72456194282201e-05
otóż,0.6852083158771203,6.72456194282201e-05
zdążyć,0.6852083158771203,6.72456194282201e-05
rama,0.6852083158771203,6.72456194282201e-05
czekało,0.680062235931612,0.00010086842914233016
nazwać,0.680062235931612,0.00010086842914233016
22,0.680062235931612,0.00010086842914233016
przełom,0.680062235931612,0.00010086842914233016
stawiać,0.680062235931612,0.00010086842914233016
babcia,0.6627048279506385,0.0002113433753458346
niestety,0.6474620465756722,0.0004515063018751921
każdy,0.6205228806688616,0.0019693359975407315
zależeć,0.6170051143733915,0.0002401629265293575
zaufać,0.6170051143733915,0.0002401629265293575
wyraźnie,0.6138588929332309,0.00011527820473409161
wypowiadać,0.6093799888905089,4.80325853058715e-05
posługiwać,0.6093799888905089,4.80325853058715e-05
anioł,0.6093799888905089,4.80325853058715e-05
uroczystość,0.6093799888905089,4.80325853058715e-05
upragniony,0.6093799888905089,4.80325853058715e-05
zaakceptować,0.6093799888905089,4.80325853058715e-05
padać,0.6093799888905089,4.80325853058715e-05
staj,0.6093799888905089,4.80325853058715e-05
hormonalny,0.6093799888905089,4.80325853058715e-05
szkolny,0.6093799888905089,4.80325853058715e-05
zmarnować,0.6093799888905089,4.80325853058715e-05
pozostawić,0.6093799888905089,4.80325853058715e-05
hasło,0.6093799888905089,4.80325853058715e-05
rozczarowanie,0.6093799888905089,4.80325853058715e-05
stanowisko,0.6093799888905089,4.80325853058715e-05
opanować,0.6093799888905089,4.80325853058715e-05
obraz,0.59877857891082,0.00025457270212111895
sądzić,0.5938219936050357,0.00017772056563172456
oto,0.5800928559398724,8.165539501998156e-05
letni,0.5800928559398724,8.165539501998156e-05
sprawdzić,0.5800928559398724,8.165539501998156e-05
spełnić,0.5800928559398724,8.165539501998156e-05
lampka,0.5748864947733439,2.8819551183522902e-05
pożegnać,0.5748864947733439,2.8819551183522902e-05
figura,0.5748864947733439,2.8819551183522902e-05
Zdrowaś,0.5748864947733439,2.8819551183522902e-05
szybka,0.5748864947733439,2.8819551183522902e-05
wsiąść,0.5748864947733439,2.8819551183522902e-05
ochrona,0.5748864947733439,2.8819551183522902e-05
niemalże,0.5748864947733439,2.8819551183522902e-05
Newa,0.5748864947733439,2.8819551183522902e-05
niewytłumaczalny,0.5748864947733439,2.8819551183522902e-05
wprowadzać,0.5748864947733439,2.8819551183522902e-05
wiosna,0.5748864947733439,2.8819551183522902e-05
tytuł,0.5748864947733439,2.8819551183522902e-05
pacjent,0.5748864947733439,2.8819551183522902e-05
sztuk,0.5748864947733439,2.8819551183522902e-05
program,0.5748864947733439,2.8819551183522902e-05
wisieć,0.5748864947733439,2.8819551183522902e-05
siadać,0.5748864947733439,2.8819551183522902e-05
sypiać,0.5748864947733439,2.8819551183522902e-05
niespełna,0.5748864947733439,2.8819551183522902e-05
prędko,0.5748864947733439,2.8819551183522902e-05
próg,0.5748864947733439,2.8819551183522902e-05
przezwyciężyć,0.5748864947733439,2.8819551183522902e-05
wysoce,0.5748864947733439,2.8819551183522902e-05
wątpić,0.5748864947733439,2.8819551183522902e-05
pokierować,0.5748864947733439,2.8819551183522902e-05
samodzielnie,0.5748864947733439,2.8819551183522902e-05
magiczny,0.5748864947733439,2.8819551183522902e-05
jezioro,0.5748864947733439,2.8819551183522902e-05
wujek,0.5748864947733439,2.8819551183522902e-05
cierpliwie,0.5748864947733439,2.8819551183522902e-05
stamtąd,0.5748864947733439,2.8819551183522902e-05
zjeść,0.5748864947733439,2.8819551183522902e-05
puścić,0.5748864947733439,2.8819551183522902e-05
nieprzespany,0.5748864947733439,2.8819551183522902e-05
padło,0.5748864947733439,2.8819551183522902e-05
śmiało,0.5748864947733439,2.8819551183522902e-05
zjawisko,0.5748864947733439,2.8819551183522902e-05
koszt,0.5748864947733439,2.8819551183522902e-05
sześć,0.5748864947733439,2.8819551183522902e-05
lekarstwo,0.5748864947733439,2.8819551183522902e-05
powrotny,0.5748864947733439,2.8819551183522902e-05
opis,0.5748864947733439,2.8819551183522902e-05
fajnie,0.5748864947733439,2.8819551183522902e-05
kryć,0.5748864947733439,2.8819551183522902e-05
paradoks,0.5748864947733439,2.8819551183522902e-05
podkreślać,0.5748864947733439,2.8819551183522902e-05
udzielić,0.5748864947733439,2.8819551183522902e-05
zbierać,0.5748864947733439,2.8819551183522902e-05
oznaka,0.5748864947733439,2.8819551183522902e-05
serdeczny,0.5748864947733439,2.8819551183522902e-05
odległość,0.5748864947733439,2.8819551183522902e-05
wielkość,0.5748864947733439,2.8819551183522902e-05
36,0.5748864947733439,2.8819551183522902e-05
Rafał,0.5748864947733439,2.8819551183522902e-05
pieniążek,0.5748864947733439,2.8819551183522902e-05
kielich,0.5748864947733439,2.8819551183522902e-05
wyrzeczenie,0.5748864947733439,2.8819551183522902e-05
ufny,0.5748864947733439,2.8819551183522902e-05
grzeszność,0.5748864947733439,2.8819551183522902e-05
godzić,0.5748864947733439,2.8819551183522902e-05
narzeczona,0.5748864947733439,2.8819551183522902e-05
dziura,0.5748864947733439,2.8819551183522902e-05
przekraczać,0.5748864947733439,2.8819551183522902e-05
nieznana,0.5748864947733439,2.8819551183522902e-05
rozpoznać,0.5748864947733439,2.8819551183522902e-05
komórka,0.5748864947733439,2.8819551183522902e-05
ziarnko,0.5748864947733439,2.8819551183522902e-05
Ruch,0.5748864947733439,2.8819551183522902e-05
zesłanie,0.5748864947733439,2.8819551183522902e-05
odstawić,0.5748864947733439,2.8819551183522902e-05
gorzki,0.5748864947733439,2.8819551183522902e-05
zakochany,0.5748864947733439,2.8819551183522902e-05
hotel,0.5748864947733439,2.8819551183522902e-05
kompleks,0.5748864947733439,2.8819551183522902e-05
dojrzałość,0.5748864947733439,2.8819551183522902e-05
spoglądać,0.5748864947733439,2.8819551183522902e-05
spółdzielnia,0.5748864947733439,2.8819551183522902e-05
pewien,0.5531581587336181,0.0004899323701198894
muszy,0.5448755295847878,0.00020654011681524745
naprawdę,0.5314266963542842,0.0009222256378727329
przy,0.5270008592255468,0.0008213572087304027
cenny,0.5268509344270589,0.00014409775591761451
Warszawa,0.511549077444351,9.6065170611743e-05
dawno,0.511549077444351,9.6065170611743e-05
sporo,0.511549077444351,9.6065170611743e-05
jedyny,0.511549077444351,9.6065170611743e-05
bolesny,0.511549077444351,9.6065170611743e-05
podnieść,0.511549077444351,9.6065170611743e-05
przerwa,0.511549077444351,9.6065170611743e-05
urodziny,0.511549077444351,9.6065170611743e-05
powodować,0.511549077444351,9.6065170611743e-05
wyjazd,0.5100624811349093,0.00023535966799877037
już,0.5083584578864091,0.0031749538887181064
taki,0.5000979468614766,0.0019116968951736859
wyjście,0.49702862096298084,0.00015850753150937596
córka,0.49007690412161153,0.00044189978481401786
szybki,0.48161051691802426,6.244236089763295e-05
owszem,0.48161051691802426,6.244236089763295e-05
charakter,0.48161051691802426,6.244236089763295e-05
modlitewny,0.48161051691802426,6.244236089763295e-05
egoizm,0.48161051691802426,6.244236089763295e-05
podążać,0.48161051691802426,6.244236089763295e-05
wesele,0.48161051691802426,6.244236089763295e-05
psychiczny,0.48161051691802426,6.244236089763295e-05
las,0.48161051691802426,6.244236089763295e-05
wymiar,0.48161051691802426,6.244236089763295e-05
odkrycie,0.48161051691802426,6.244236089763295e-05
drzwi,0.4730356605509569,0.0001729173071011374
powód,0.4652519896182259,0.00029299877036581616
porządek,0.463603279516394,0.00011047494620350446
uczestniczyć,0.4534261665894048,0.00018732708269289885
leczenie,0.4534261665894048,0.00018732708269289885
4,0.4534261665894048,0.00018732708269289885
trafić,0.45059446245444956,0.00032181832154933905
pojechać,0.4347073001191264,0.00036504764832462344
forma,0.42842046325869587,0.0001248847217952659
dotyczyć,0.42842046325869587,0.0001248847217952659
zanim,0.42842046325869587,0.0001248847217952659
nieustannie,0.42842046325869587,0.0001248847217952659
koleżanka,0.423627661472719,0.00021614663387642177
zdarzyć,0.40923926195548743,7.68521364893944e-05
badan,0.40923926195548743,7.68521364893944e-05
zresztą,0.40923926195548743,7.68521364893944e-05
bądź,0.40923926195548743,7.68521364893944e-05
ulga,0.40923926195548743,7.68521364893944e-05
odpuścić,0.40923926195548743,7.68521364893944e-05
zabieg,0.40923926195548743,7.68521364893944e-05
kazać,0.40923926195548743,7.68521364893944e-05
szanować,0.40923926195548743,7.68521364893944e-05
zachować,0.40923926195548743,7.68521364893944e-05
działać,0.4024913367891765,0.0002449661850599447
znajdować,0.40169832747577505,0.00013929449738702736
rozpłakać,0.38669366443923914,4.322932677528435e-05
ostateczny,0.38669366443923914,4.322932677528435e-05
zachwyt,0.38669366443923914,4.322932677528435e-05
cofnąć,0.38669366443923914,4.322932677528435e-05
wstawać,0.38669366443923914,4.322932677528435e-05
wacha,0.38669366443923914,4.322932677528435e-05
nadchodzić,0.38669366443923914,4.322932677528435e-05
niewielki,0.38669366443923914,4.322932677528435e-05
gorliwie,0.38669366443923914,4.322932677528435e-05
pierś,0.38669366443923914,4.322932677528435e-05
Świat,0.38669366443923914,4.322932677528435e-05
widoczny,0.38669366443923914,4.322932677528435e-05
zagrożenie,0.38669366443923914,4.322932677528435e-05
słabo,0.38669366443923914,4.322932677528435e-05
przemiana,0.38669366443923914,4.322932677528435e-05
50,0.38669366443923914,4.322932677528435e-05
przyznawać,0.38669366443923914,4.322932677528435e-05
atakować,0.38669366443923914,4.322932677528435e-05
łączyć,0.38669366443923914,4.322932677528435e-05
wart,0.38669366443923914,4.322932677528435e-05
podkreślić,0.38669366443923914,4.322932677528435e-05
dostały,0.38669366443923914,4.322932677528435e-05
bagaż,0.38669366443923914,4.322932677528435e-05
ruszyć,0.38669366443923914,4.322932677528435e-05
rezultat,0.38669366443923914,4.322932677528435e-05
faktycznie,0.38669366443923914,4.322932677528435e-05
dodatkowo,0.38669366443923914,4.322932677528435e-05
samo,0.3810813033692879,0.00028819551183522903
cztery,0.38087535943731954,0.0001537042729787888
ciężko,0.37587129925252327,0.0003026052874269905
dzienia,0.37433573457692937,0.0008357669843221642
góra,0.36433034366779005,0.00016811404857055025
dorosła,0.3630562803479469,9.126191208115586e-05
wiązać,0.3630562803479469,9.126191208115586e-05
możliwości,0.3630562803479469,9.126191208115586e-05
znaczenie,0.3630562803479469,9.126191208115586e-05
powierzyć,0.3630562803479469,9.126191208115586e-05
mało,0.35298538039975735,0.00043229326775284354
przeżycie,0.350986785685361,0.00018252382416231172
pozwalać,0.34010168879821645,0.00019693359975407317
płacz,0.3313524139753192,0.0001056716876729173
wyobrażać,0.3313524139753192,0.0001056716876729173
13,0.3313524139753192,0.0001056716876729173
bieg,0.3313524139753192,0.0001056716876729173
rzeczywiście,0.3313524139753192,0.0001056716876729173
najpierw,0.33114560722669184,0.0002113433753458346
czuć,0.3164883969656316,0.0014361743006455578
zwracać,0.3085025571866957,0.00012008146326467875
częsty,0.3085025571866957,0.00012008146326467875
niepokój,0.3085025571866957,0.00012008146326467875
wychodzić,0.30815811774378865,0.0002689824777128804
uśmiechnięty,0.30692944646661546,5.7639102367045804e-05
29,0.30692944646661546,5.7639102367045804e-05
funkcjonować,0.30692944646661546,5.7639102367045804e-05
zostawać,0.30692944646661546,5.7639102367045804e-05
otoczyć,0.30692944646661546,5.7639102367045804e-05
oddalić,0.30692944646661546,5.7639102367045804e-05
firma,0.30692944646661546,5.7639102367045804e-05
prosto,0.30692944646661546,5.7639102367045804e-05
poziom,0.30692944646661546,5.7639102367045804e-05
poruszać,0.30692944646661546,5.7639102367045804e-05
ciekawość,0.30692944646661546,5.7639102367045804e-05
dziennie,0.30692944646661546,5.7639102367045804e-05
popełniać,0.30692944646661546,5.7639102367045804e-05
zmuszać,0.30692944646661546,5.7639102367045804e-05
mądrość,0.30692944646661546,5.7639102367045804e-05
dojrzały,0.30692944646661546,5.7639102367045804e-05
wierna,0.30692944646661546,5.7639102367045804e-05
niesamowicie,0.30692944646661546,5.7639102367045804e-05
pobłogosławić,0.30692944646661546,5.7639102367045804e-05
kultura,0.30692944646661546,5.7639102367045804e-05
liczny,0.30692944646661546,5.7639102367045804e-05
pokuta,0.30692944646661546,5.7639102367045804e-05
ani,0.3047384059487106,0.0006292268675069167
Ameryka,0.30468999444525446,2.401629265293575e-05
określony,0.30468999444525446,2.401629265293575e-05
okropny,0.30468999444525446,2.401629265293575e-05
stwierdzenie,0.30468999444525446,2.401629265293575e-05
zakończony,0.30468999444525446,2.401629265293575e-05
centrum,0.30468999444525446,2.401629265293575e-05
rosły,0.30468999444525446,2.401629265293575e-05
rozwiać,0.30468999444525446,2.401629265293575e-05
porządnie,0.30468999444525446,2.401629265293575e-05
dźwigać,0.30468999444525446,2.401629265293575e-05
sobotni,0.30468999444525446,2.401629265293575e-05
utrzymać,0.30468999444525446,2.401629265293575e-05
czcić,0.30468999444525446,2.401629265293575e-05
sprowadzać,0.30468999444525446,2.401629265293575e-05
postrzeganie,0.30468999444525446,2.401629265293575e-05
złamać,0.30468999444525446,2.401629265293575e-05
niejeden,0.30468999444525446,2.401629265293575e-05
rozterk,0.30468999444525446,2.401629265293575e-05
wygodny,0.30468999444525446,2.401629265293575e-05
podporządkować,0.30468999444525446,2.401629265293575e-05
rytm,0.30468999444525446,2.401629265293575e-05
poszczególny,0.30468999444525446,2.401629265293575e-05
odniesienie,0.30468999444525446,2.401629265293575e-05
życzenie,0.30468999444525446,2.401629265293575e-05
przemyślać,0.30468999444525446,2.401629265293575e-05
słuszny,0.30468999444525446,2.401629265293575e-05
domagać,0.30468999444525446,2.401629265293575e-05
wstawić,0.30468999444525446,2.401629265293575e-05
Walek,0.30468999444525446,2.401629265293575e-05
Kalisz,0.30468999444525446,2.401629265293575e-05
nagranie,0.30468999444525446,2.401629265293575e-05
dzwonić,0.30468999444525446,2.401629265293575e-05
wahać,0.30468999444525446,2.401629265293575e-05
koniecznie,0.30468999444525446,2.401629265293575e-05
chaos,0.30468999444525446,2.401629265293575e-05
wzbudzić,0.30468999444525446,2.401629265293575e-05
standard,0.30468999444525446,2.401629265293575e-05
Łask,0.30468999444525446,2.401629265293575e-05
agresywny,0.30468999444525446,2.401629265293575e-05
podziękowanie,0.30468999444525446,2.401629265293575e-05
kości,0.30468999444525446,2.401629265293575e-05
brzydki,0.30468999444525446,2.401629265293575e-05
ślepa,0.30468999444525446,2.401629265293575e-05
publicznie,0.30468999444525446,2.401629265293575e-05
chwalebny,0.30468999444525446,2.401629265293575e-05
lepsze,0.30468999444525446,2.401629265293575e-05
kłębić,0.30468999444525446,2.401629265293575e-05
osobowość,0.30468999444525446,2.401629265293575e-05
odwiedziny,0.30468999444525446,2.401629265293575e-05
zrozumiały,0.30468999444525446,2.401629265293575e-05
skrzydło,0.30468999444525446,2.401629265293575e-05
oddychać,0.30468999444525446,2.401629265293575e-05
boleśnie,0.30468999444525446,2.401629265293575e-05
biskup,0.30468999444525446,2.401629265293575e-05
sprzed,0.30468999444525446,2.401629265293575e-05
klękać,0.30468999444525446,2.401629265293575e-05
schodzić,0.30468999444525446,2.401629265293575e-05
zgwałcić,0.30468999444525446,2.401629265293575e-05
biznes,0.30468999444525446,2.401629265293575e-05
posiadanie,0.30468999444525446,2.401629265293575e-05
indziej,0.30468999444525446,2.401629265293575e-05
wpływać,0.30468999444525446,2.401629265293575e-05
zapracować,0.30468999444525446,2.401629265293575e-05
Teresa,0.30468999444525446,2.401629265293575e-05
drogowskaz,0.30468999444525446,2.401629265293575e-05
niebieski,0.30468999444525446,2.401629265293575e-05
wzlot,0.30468999444525446,2.401629265293575e-05
Daniel,0.30468999444525446,2.401629265293575e-05
stacja,0.30468999444525446,2.401629265293575e-05
kult,0.30468999444525446,2.401629265293575e-05
wyśmiewać,0.30468999444525446,2.401629265293575e-05
koncentracja,0.30468999444525446,2.401629265293575e-05
anoreksja,0.30468999444525446,2.401629265293575e-05
słodycz,0.30468999444525446,2.401629265293575e-05
szczerość,0.30468999444525446,2.401629265293575e-05
skrywać,0.30468999444525446,2.401629265293575e-05
ułamek,0.30468999444525446,2.401629265293575e-05
zdolność,0.30468999444525446,2.401629265293575e-05
28,0.30468999444525446,2.401629265293575e-05
kino,0.30468999444525446,2.401629265293575e-05
kul,0.30468999444525446,2.401629265293575e-05
biuro,0.30468999444525446,2.401629265293575e-05
przesuwać,0.30468999444525446,2.401629265293575e-05
niebezpieczeństwo,0.30468999444525446,2.401629265293575e-05
specjalny,0.30468999444525446,2.401629265293575e-05
porodowy,0.30468999444525446,2.401629265293575e-05
pielęgnować,0.30468999444525446,2.401629265293575e-05
chemioterapia,0.30468999444525446,2.401629265293575e-05
brud,0.30468999444525446,2.401629265293575e-05
skontaktować,0.30468999444525446,2.401629265293575e-05
uraz,0.30468999444525446,2.401629265293575e-05
zjednoczyć,0.30468999444525446,2.401629265293575e-05
32,0.30468999444525446,2.401629265293575e-05
priorytet,0.30468999444525446,2.401629265293575e-05
zachwiać,0.30468999444525446,2.401629265293575e-05
ukochać,0.30468999444525446,2.401629265293575e-05
określać,0.30468999444525446,2.401629265293575e-05
niegdyś,0.30468999444525446,2.401629265293575e-05
krwawienie,0.30468999444525446,2.401629265293575e-05
gram,0.30468999444525446,2.401629265293575e-05
nieoczekiwany,0.30468999444525446,2.401629265293575e-05
Patrycja,0.30468999444525446,2.401629265293575e-05
Małgosia,0.30468999444525446,2.401629265293575e-05
dzielić,0.29146427493424376,0.0001344912388564402
mój,0.2885766877173239,0.002896364893944052
skutek,0.278446949002062,0.00014890101444820167
przyjęcie,0.278446949002062,0.00014890101444820167
język,0.26832755785943707,0.00016331079003996312
środowisko,0.26342546721352944,7.204887795880726e-05
Sam,0.26342546721352944,7.204887795880726e-05
zwykle,0.26342546721352944,7.204887795880726e-05
pozytywny,0.26342546721352944,7.204887795880726e-05
postawa,0.26342546721352944,7.204887795880726e-05
zwać,0.26342546721352944,7.204887795880726e-05
odbyć,0.2603658998663656,0.00017772056563172456
podobny,0.2603658998663656,0.00017772056563172456
15,0.2603658998663656,0.00017772056563172456
zamykać,0.23651783027547846,8.64586535505687e-05
podziękować,0.23651783027547846,8.64586535505687e-05
zauważać,0.23651783027547846,8.64586535505687e-05
jeden,0.23501601391260074,0.0014794036274208423
zmagać,0.21859820620068304,0.00010086842914233016
oprócz,0.21859820620068304,0.00010086842914233016
spojrzeć,0.21859820620068304,0.00010086842914233016
światło,0.20609582161131712,0.00011527820473409161
dojrzewanie,0.20461963097774372,3.84260682446972e-05
ocalić,0.20461963097774372,3.84260682446972e-05
przypadkowo,0.20461963097774372,3.84260682446972e-05
przerażać,0.20461963097774372,3.84260682446972e-05
dziwić,0.20461963097774372,3.84260682446972e-05
powstrzymać,0.20461963097774372,3.84260682446972e-05
sobota,0.20461963097774372,3.84260682446972e-05
spytać,0.20461963097774372,3.84260682446972e-05
niecały,0.20461963097774372,3.84260682446972e-05
szpitalny,0.20461963097774372,3.84260682446972e-05
nastoletni,0.20461963097774372,3.84260682446972e-05
jednakże,0.20461963097774372,3.84260682446972e-05
spektakularny,0.20461963097774372,3.84260682446972e-05
wierny,0.20461963097774372,3.84260682446972e-05
dawka,0.20461963097774372,3.84260682446972e-05
opierać,0.20461963097774372,3.84260682446972e-05
zeszły,0.20461963097774372,3.84260682446972e-05
unikać,0.20461963097774372,3.84260682446972e-05
osiągnięcie,0.20461963097774372,3.84260682446972e-05
znieść,0.20461963097774372,3.84260682446972e-05
stoa,0.20461963097774372,3.84260682446972e-05
popłynąć,0.20461963097774372,3.84260682446972e-05
Nadzieja,0.20461963097774372,3.84260682446972e-05
cech,0.20461963097774372,3.84260682446972e-05
37,0.20461963097774372,3.84260682446972e-05
zasługa,0.20461963097774372,3.84260682446972e-05
ścieżek,0.20461963097774372,3.84260682446972e-05
taca,0.20461963097774372,3.84260682446972e-05
wprowadzić,0.20461963097774372,3.84260682446972e-05
błagalny,0.20461963097774372,3.84260682446972e-05
wyraz,0.20461963097774372,3.84260682446972e-05
zadbać,0.20461963097774372,3.84260682446972e-05
zapewnić,0.20461963097774372,3.84260682446972e-05
przytomność,0.20461963097774372,3.84260682446972e-05
trud,0.1971112839673892,0.00012968798032585307
decyzja,0.1941960058589638,0.0004755225945281279
potem,0.1917615756215474,0.0007156855210574854
gdyby,0.1905765815483722,0.000446703043344605
wybór,0.19054065168464396,0.00014409775591761451
przeszłość,0.19054065168464396,0.00014409775591761451
Maria,0.19054065168464396,0.00014409775591761451
uzależnienie,0.18569832593862,0.00015850753150937596
pytać,0.18213596947554045,0.0001729173071011374
dobry,0.1821066007483756,0.0006580464186904395
plan,0.17991983757414376,0.0003458346142022748
blisko,0.17774265479725582,0.0003170150630187519
jedynie,0.177719015849243,0.00020173685828466032
spać,0.17649269019987868,0.00021614663387642177
pewno,0.17541161548469697,0.0002449661850599447
zdrada,0.1656762069876596,5.283584383645865e-05
popaść,0.1656762069876596,5.283584383645865e-05
chwycić,0.1656762069876596,5.283584383645865e-05
krąg,0.1656762069876596,5.283584383645865e-05
zamienić,0.1656762069876596,5.283584383645865e-05
tęsknota,0.1656762069876596,5.283584383645865e-05
Adam,0.1656762069876596,5.283584383645865e-05
mowa,0.1656762069876596,5.283584383645865e-05
prawa,0.1656762069876596,5.283584383645865e-05
kłócić,0.1656762069876596,5.283584383645865e-05
pogląd,0.1656762069876596,5.283584383645865e-05
przełożona,0.1656762069876596,5.283584383645865e-05
brnąć,0.1656762069876596,5.283584383645865e-05
nauczyciel,0.1656762069876596,5.283584383645865e-05
angażować,0.1656762069876596,5.283584383645865e-05
wrażliwy,0.1656762069876596,5.283584383645865e-05
żaden,0.164569987347031,0.0007541115893021826
zniewolić,0.14573213746712188,6.72456194282201e-05
społeczny,0.14573213746712188,6.72456194282201e-05
akt,0.14573213746712188,6.72456194282201e-05
bok,0.14573213746712188,6.72456194282201e-05
wyłącznie,0.14573213746712188,6.72456194282201e-05
chory,0.14573213746712188,6.72456194282201e-05
tłumaczyć,0.14573213746712188,6.72456194282201e-05
męczyć,0.14573213746712188,6.72456194282201e-05
naśladować,0.14573213746712188,6.72456194282201e-05
przestać,0.14080930839373185,0.00039867045803873346
przeszkadzać,0.13416377892971854,8.165539501998156e-05
natomiast,0.13416377892971854,8.165539501998156e-05
opiekować,0.13416377892971854,8.165539501998156e-05
kontynuować,0.13416377892971854,8.165539501998156e-05
dorastać,0.13416377892971854,8.165539501998156e-05
niedzielna,0.12702710112309612,9.6065170611743e-05
domowy,0.12702710112309612,9.6065170611743e-05
tyle,0.1267772173189532,0.0005379649554257608
obawa,0.12251922603040288,0.00011047494620350446
zakończenie,0.12251922603040288,0.00011047494620350446
wszyscy,0.12162094374360422,0.001373731939747925
mocny,0.11969867724050198,0.0001248847217952659
samotność,0.1180257001077496,0.00013929449738702736
niczym,0.1180257001077496,0.00013929449738702736
rano,0.11766344645956028,0.00019693359975407317
szczery,0.11766344645956028,0.00019693359975407317
noc,0.11431296231641008,0.00046591607746695356
coroczny,0.10230981548887186,1.92130341223486e-05
nicość,0.10230981548887186,1.92130341223486e-05
przepisać,0.10230981548887186,1.92130341223486e-05
oczekiwany,0.10230981548887186,1.92130341223486e-05
pobiec,0.10230981548887186,1.92130341223486e-05
pora,0.10230981548887186,1.92130341223486e-05
zrezygnowany,0.10230981548887186,1.92130341223486e-05
kolacja,0.10230981548887186,1.92130341223486e-05
wyrozumiałość,0.10230981548887186,1.92130341223486e-05
M,0.10230981548887186,1.92130341223486e-05
zbieg,0.10230981548887186,1.92130341223486e-05
wykształcenie,0.10230981548887186,1.92130341223486e-05
zniszczony,0.10230981548887186,1.92130341223486e-05
wpuścić,0.10230981548887186,1.92130341223486e-05
standardowy,0.10230981548887186,1.92130341223486e-05
zwariować,0.10230981548887186,1.92130341223486e-05
naciskać,0.10230981548887186,1.92130341223486e-05
przyzwyczaić,0.10230981548887186,1.92130341223486e-05
zagłuszać,0.10230981548887186,1.92130341223486e-05
dźwięk,0.10230981548887186,1.92130341223486e-05
znaczący,0.10230981548887186,1.92130341223486e-05
magnetyczny,0.10230981548887186,1.92130341223486e-05
życzliwość,0.10230981548887186,1.92130341223486e-05
zaniedbać,0.10230981548887186,1.92130341223486e-05
zaliczyć,0.10230981548887186,1.92130341223486e-05
hałas,0.10230981548887186,1.92130341223486e-05
złudny,0.10230981548887186,1.92130341223486e-05
automatycznie,0.10230981548887186,1.92130341223486e-05
przypuszczać,0.10230981548887186,1.92130341223486e-05
oferta,0.10230981548887186,1.92130341223486e-05
przeprowadzka,0.10230981548887186,1.92130341223486e-05
wzruszyć,0.10230981548887186,1.92130341223486e-05
kolejowy,0.10230981548887186,1.92130341223486e-05
nakaz,0.10230981548887186,1.92130341223486e-05
powstały,0.10230981548887186,1.92130341223486e-05
but,0.10230981548887186,1.92130341223486e-05
strój,0.10230981548887186,1.92130341223486e-05
gotowe,0.10230981548887186,1.92130341223486e-05
zaowocować,0.10230981548887186,1.92130341223486e-05
paść,0.10230981548887186,1.92130341223486e-05
wykrzyczeć,0.10230981548887186,1.92130341223486e-05
policzek,0.10230981548887186,1.92130341223486e-05
ogrom,0.10230981548887186,1.92130341223486e-05
wytrzymałość,0.10230981548887186,1.92130341223486e-05
dotrzymywać,0.10230981548887186,1.92130341223486e-05
aktywny,0.10230981548887186,1.92130341223486e-05
zwierzę,0.10230981548887186,1.92130341223486e-05
goły,0.10230981548887186,1.92130341223486e-05
wyruszyć,0.10230981548887186,1.92130341223486e-05
zbliżenie,0.10230981548887186,1.92130341223486e-05
czysto,0.10230981548887186,1.92130341223486e-05
cząstka,0.10230981548887186,1.92130341223486e-05
sto,0.10230981548887186,1.92130341223486e-05
kilogram,0.10230981548887186,1.92130341223486e-05
świątynia,0.10230981548887186,1.92130341223486e-05
nieustający,0.10230981548887186,1.92130341223486e-05
zyskiwać,0.10230981548887186,1.92130341223486e-05
poradnia,0.10230981548887186,1.92130341223486e-05
komputerowy,0.10230981548887186,1.92130341223486e-05
zalecenie,0.10230981548887186,1.92130341223486e-05
zainteresowana,0.10230981548887186,1.92130341223486e-05
kręty,0.10230981548887186,1.92130341223486e-05
korespondować,0.10230981548887186,1.92130341223486e-05
gwałtownie,0.10230981548887186,1.92130341223486e-05
oceniać,0.10230981548887186,1.92130341223486e-05
zrealizować,0.10230981548887186,1.92130341223486e-05
korzenie,0.10230981548887186,1.92130341223486e-05
przytulać,0.10230981548887186,1.92130341223486e-05
bezsensowny,0.10230981548887186,1.92130341223486e-05
adopcja,0.10230981548887186,1.92130341223486e-05
grupka,0.10230981548887186,1.92130341223486e-05
wtorek,0.10230981548887186,1.92130341223486e-05
poszukujący,0.10230981548887186,1.92130341223486e-05
północ,0.10230981548887186,1.92130341223486e-05
praktyczny,0.10230981548887186,1.92130341223486e-05
liturgia,0.10230981548887186,1.92130341223486e-05
przytoczyć,0.10230981548887186,1.92130341223486e-05
złożony,0.10230981548887186,1.92130341223486e-05
przerazić,0.10230981548887186,1.92130341223486e-05
mięsień,0.10230981548887186,1.92130341223486e-05
telewizja,0.10230981548887186,1.92130341223486e-05
diecezjalny,0.10230981548887186,1.92130341223486e-05
potwierdzający,0.10230981548887186,1.92130341223486e-05
zamknięcie,0.10230981548887186,1.92130341223486e-05
ujawnić,0.10230981548887186,1.92130341223486e-05
majestat,0.10230981548887186,1.92130341223486e-05
wyciszenie,0.10230981548887186,1.92130341223486e-05
namiętność,0.10230981548887186,1.92130341223486e-05
obojętnie,0.10230981548887186,1.92130341223486e-05
prowadzący,0.10230981548887186,1.92130341223486e-05
ubóstwo,0.10230981548887186,1.92130341223486e-05
zasług,0.10230981548887186,1.92130341223486e-05
medytować,0.10230981548887186,1.92130341223486e-05
krążyć,0.10230981548887186,1.92130341223486e-05
pański,0.10230981548887186,1.92130341223486e-05
uparcie,0.10230981548887186,1.92130341223486e-05
bezwiednie,0.10230981548887186,1.92130341223486e-05
żądać,0.10230981548887186,1.92130341223486e-05
dążenie,0.10230981548887186,1.92130341223486e-05
wersja,0.10230981548887186,1.92130341223486e-05
tchnienie,0.10230981548887186,1.92130341223486e-05
prócz,0.10230981548887186,1.92130341223486e-05
wzrost,0.10230981548887186,1.92130341223486e-05
odbić,0.10230981548887186,1.92130341223486e-05
osądzać,0.10230981548887186,1.92130341223486e-05
wytrwałość,0.10230981548887186,1.92130341223486e-05
wir,0.10230981548887186,1.92130341223486e-05
ograniczyć,0.10230981548887186,1.92130341223486e-05
nieoczekiwanie,0.10230981548887186,1.92130341223486e-05
zdjęcie,0.10230981548887186,1.92130341223486e-05
średnio,0.10230981548887186,1.92130341223486e-05
radykalny,0.10230981548887186,1.92130341223486e-05
podświadomie,0.10230981548887186,1.92130341223486e-05
książę,0.10230981548887186,1.92130341223486e-05
dreszcz,0.10230981548887186,1.92130341223486e-05
osiedle,0.10230981548887186,1.92130341223486e-05
wykres,0.10230981548887186,1.92130341223486e-05
szczyt,0.10230981548887186,1.92130341223486e-05
tłumacz,0.10230981548887186,1.92130341223486e-05
wylewać,0.10230981548887186,1.92130341223486e-05
opcja,0.10230981548887186,1.92130341223486e-05
konkurs,0.10230981548887186,1.92130341223486e-05
rekonwalescencja,0.10230981548887186,1.92130341223486e-05
wytłumaczenie,0.10230981548887186,1.92130341223486e-05
Afryka,0.10230981548887186,1.92130341223486e-05
potęgować,0.10230981548887186,1.92130341223486e-05
urząd,0.10230981548887186,1.92130341223486e-05
nędza,0.10230981548887186,1.92130341223486e-05
bodziec,0.10230981548887186,1.92130341223486e-05
niesprawiedliwość,0.10230981548887186,1.92130341223486e-05
szefowa,0.10230981548887186,1.92130341223486e-05
samodzielny,0.10230981548887186,1.92130341223486e-05
emocjonalnie,0.10230981548887186,1.92130341223486e-05
Beata,0.10230981548887186,1.92130341223486e-05
okres,0.09709503748285675,0.00036504764832462344
chodzić,0.09140747443191088,0.0009366354134644943
stracić,0.08275433332344528,0.0002785889947740547
prawie,0.07813446123817536,0.0002497694435905318
ku,0.07587130446117119,0.00023535966799877037
przeciąg,0.07286606873356094,3.362280971411005e-05
podarować,0.07286606873356094,3.362280971411005e-05
niski,0.07286606873356094,3.362280971411005e-05
przełomowy,0.07286606873356094,3.362280971411005e-05
stop,0.07286606873356094,3.362280971411005e-05
zapewnienie,0.07286606873356094,3.362280971411005e-05
kręcić,0.07286606873356094,3.362280971411005e-05
bezradny,0.07286606873356094,3.362280971411005e-05
szary,0.07286606873356094,3.362280971411005e-05
wstecz,0.07286606873356094,3.362280971411005e-05
owo,0.07286606873356094,3.362280971411005e-05
docierać,0.07286606873356094,3.362280971411005e-05
upływ,0.07286606873356094,3.362280971411005e-05
odczucie,0.07286606873356094,3.362280971411005e-05
zapaść,0.07286606873356094,3.362280971411005e-05
katecheza,0.07286606873356094,3.362280971411005e-05
mylić,0.07286606873356094,3.362280971411005e-05
upór,0.07286606873356094,3.362280971411005e-05
wyrywać,0.07286606873356094,3.362280971411005e-05
życzliwy,0.07286606873356094,3.362280971411005e-05
gabinet,0.07286606873356094,3.362280971411005e-05
cytat,0.07286606873356094,3.362280971411005e-05
łącze,0.07286606873356094,3.362280971411005e-05
odzywać,0.07286606873356094,3.362280971411005e-05
2012,0.07286606873356094,3.362280971411005e-05
uchronić,0.07286606873356094,3.362280971411005e-05
luby,0.07286606873356094,3.362280971411005e-05
nauczanie,0.07286606873356094,3.362280971411005e-05
bezpieczny,0.07286606873356094,3.362280971411005e-05
setka,0.07286606873356094,3.362280971411005e-05
dojechać,0.07286606873356094,3.362280971411005e-05
zamierzać,0.07286606873356094,3.362280971411005e-05
wybory,0.07286606873356094,3.362280971411005e-05
33,0.07286606873356094,3.362280971411005e-05
zdziwić,0.07286606873356094,3.362280971411005e-05
rozmyślanie,0.07286606873356094,3.362280971411005e-05
wesprzeć,0.07286606873356094,3.362280971411005e-05
wyobrażenie,0.07286606873356094,3.362280971411005e-05
pochłonąć,0.07286606873356094,3.362280971411005e-05
główny,0.07286606873356094,3.362280971411005e-05
uczelnia,0.07286606873356094,3.362280971411005e-05
Jeremiasz,0.07286606873356094,3.362280971411005e-05
otrzymać,0.07174843060344216,0.00040347371656932065
chcieć,0.06972424919762776,0.0033142483861051336
zapomnieć,0.06730957652046321,0.00017772056563172456
wystarczyć,0.06535765601099919,0.00016331079003996312
taka,0.0648490718054644,0.0005139486627728251
porażka,0.06351355056154806,4.80325853058715e-05
towarzysz,0.06351355056154806,4.80325853058715e-05
denerwować,0.06351355056154806,4.80325853058715e-05
narastać,0.06351355056154806,4.80325853058715e-05
pocieszenie,0.06351355056154806,4.80325853058715e-05
śpiew,0.06351355056154806,4.80325853058715e-05
życzyć,0.06351355056154806,4.80325853058715e-05
deszcz,0.06351355056154806,4.80325853058715e-05
poświęcać,0.06351355056154806,4.80325853058715e-05
spodobać,0.06351355056154806,4.80325853058715e-05
element,0.06351355056154806,4.80325853058715e-05
rezygnować,0.06351355056154806,4.80325853058715e-05
nabierać,0.06351355056154806,4.80325853058715e-05
postrzegać,0.06351355056154806,4.80325853058715e-05
wygląd,0.06351355056154806,4.80325853058715e-05
woleć,0.06351355056154806,4.80325853058715e-05
zejść,0.06351355056154806,4.80325853058715e-05
zakup,0.06351355056154806,4.80325853058715e-05
zawsze,0.06253091251585863,0.0012200276667691363
uważać,0.06149865480295613,0.0003458346142022748
szczególny,0.06039611067459871,0.00012008146326467875
dochodzić,0.06039611067459871,0.00012008146326467875
długo,0.05986187810729593,0.0004851291115893022
organizować,0.05984933862025099,6.244236089763295e-05
00,0.05984933862025099,6.244236089763295e-05
Janek,0.05984933862025099,6.244236089763295e-05
ukochany,0.05984933862025099,6.244236089763295e-05
dostawać,0.05984933862025099,6.244236089763295e-05
czuj,0.05984933862025099,6.244236089763295e-05
skąd,0.0592475515990758,0.0001056716876729173
przygoda,0.0592475515990758,0.0001056716876729173
krok,0.05893621085283329,0.00033142483861051336
późny,0.05858430610335241,7.68521364893944e-05
umówić,0.05858430610335241,7.68521364893944e-05
przerwać,0.05858430610335241,7.68521364893944e-05
dodatek,0.05858430610335241,7.68521364893944e-05
matura,0.05858430610335241,7.68521364893944e-05
rozwód,0.05855565102505933,9.126191208115586e-05
krzyczeć,0.05855565102505933,9.126191208115586e-05
ramię,0.05855565102505933,9.126191208115586e-05
popełnić,0.05855565102505933,9.126191208115586e-05
choćby,0.05855565102505933,9.126191208115586e-05
pasja,0.05855565102505933,9.126191208115586e-05
chwila,0.050748913983770905,0.0011335690132185674
